network,pool_address,date,open,high,low,close,volume
solana,HVNwzt7Pxfu76KHCMQPTLuTCLTm6WnQ1esLv4eizseSv,2024-11-30,4.66788781080624e-05,4.66788781080624e-05,4.17822568645286e-05,4.50380048161141e-05,33691.6508553347
solana,HVNwzt7Pxfu76KHCMQPTLuTCLTm6WnQ1esLv4eizseSv,2024-11-29,4.29451173076448e-05,4.85978316948696e-05,4.28866216555972e-05,4.66788781080624e-05,44439.8690468517
solana,HVNwzt7Pxfu76KHCMQPTLuTCLTm6WnQ1esLv4eizseSv,2024-11-28,4.39680169638929e-05,4.59026395771249e-05,4.01470162307647e-05,4.29451173076448e-05,44786.0934098772
solana,HVNwzt7Pxfu76KHCMQPTLuTCLTm6WnQ1esLv4eizseSv,2024-11-27,4.2666624e-05,4.86220744055897e-05,4.05168616480318e-05,4.39680169638929e-05,70492.4265495919
solana,HVNwzt7Pxfu76KHCMQPTLuTCLTm6WnQ1esLv4eizseSv,2024-11-26,4.35835701998895e-05,4.46082529760506e-05,4.01239998161697e-05,4.2666624e-05,51483.3553430676
solana,HVNwzt7Pxfu76KHCMQPTLuTCLTm6WnQ1esLv4eizseSv,2024-11-25,4.80421913684292e-05,4.85051348671908e-05,4.15962741539716e-05,4.35835701998895e-05,113057.617731055
solana,HVNwzt7Pxfu76KHCMQPTLuTCLTm6WnQ1esLv4eizseSv,2024-11-24,4.77033995736474e-05,4.97369264923947e-05,4.31152311442382e-05,4.80421913684292e-05,99047.8218698216
solana,HVNwzt7Pxfu76KHCMQPTLuTCLTm6WnQ1esLv4eizseSv,2024-11-23,4.94428630219783e-05,5.31595260579747e-05,4.63335891996263e-05,4.77033995736474e-05,101065.263878246
solana,HVNwzt7Pxfu76KHCMQPTLuTCLTm6WnQ1esLv4eizseSv,2024-11-22,5.35093288523798e-05,5.38873609742e-05,4.78246802530869e-05,4.94428630219783e-05,88588.2016210985
solana,HVNwzt7Pxfu76KHCMQPTLuTCLTm6WnQ1esLv4eizseSv,2024-11-21,4.94662083387883e-05,5.46128995813983e-05,4.64675041540251e-05,5.35093288523798e-05,205668.677563398
solana,HVNwzt7Pxfu76KHCMQPTLuTCLTm6WnQ1esLv4eizseSv,2024-11-20,5.22810324785547e-05,5.97966083465616e-05,4.79864199901409e-05,4.94662083387883e-05,323591.696139813
solana,HVNwzt7Pxfu76KHCMQPTLuTCLTm6WnQ1esLv4eizseSv,2024-11-19,4.83555067615954e-05,5.78970165290492e-05,4.78336545891892e-05,5.22810324785547e-05,262969.018762549
solana,HVNwzt7Pxfu76KHCMQPTLuTCLTm6WnQ1esLv4eizseSv,2024-11-18,5.13003753872339e-05,5.39755369217454e-05,4.56239591002406e-05,4.83555067615954e-05,188759.312297114
solana,HVNwzt7Pxfu76KHCMQPTLuTCLTm6WnQ1esLv4eizseSv,2024-11-17,4.75002266404474e-05,5.66759467440943e-05,4.43158563755953e-05,5.13003753872339e-05,387018.155682703
solana,HVNwzt7Pxfu76KHCMQPTLuTCLTm6WnQ1esLv4eizseSv,2024-11-16,4.53121077647415e-05,5.57574197193181e-05,3.85336312580449e-05,4.75002266404474e-05,262790.732454635
solana,HVNwzt7Pxfu76KHCMQPTLuTCLTm6WnQ1esLv4eizseSv,2024-11-15,3.54252515053102e-05,4.88937797828867e-05,3.30515538711046e-05,4.53121077647415e-05,308494.905475152
solana,HVNwzt7Pxfu76KHCMQPTLuTCLTm6WnQ1esLv4eizseSv,2024-11-14,3.75774814031414e-05,4.40051391127261e-05,3.482639423201e-05,3.54252515053102e-05,323196.324978755
solana,HVNwzt7Pxfu76KHCMQPTLuTCLTm6WnQ1esLv4eizseSv,2024-11-13,3.72682000553745e-05,4.24123125067689e-05,3.07648720249011e-05,3.75774814031414e-05,383164.911759208
solana,HVNwzt7Pxfu76KHCMQPTLuTCLTm6WnQ1esLv4eizseSv,2024-11-12,2.68072111843654e-05,3.98994319380432e-05,2.50398557563068e-05,3.72682000553745e-05,289458.553900845
solana,HVNwzt7Pxfu76KHCMQPTLuTCLTm6WnQ1esLv4eizseSv,2024-11-11,2.54586993711708e-05,2.75925137465198e-05,2.466919571492e-05,2.68072111843654e-05,89371.6730135625
solana,HVNwzt7Pxfu76KHCMQPTLuTCLTm6WnQ1esLv4eizseSv,2024-11-10,2.23549168138955e-05,2.78451246215047e-05,2.2208254717721e-05,2.54586993711708e-05,71905.5275469179
solana,HVNwzt7Pxfu76KHCMQPTLuTCLTm6WnQ1esLv4eizseSv,2024-11-09,2.2021688936405e-05,2.26349891018358e-05,2.13648661424613e-05,2.23549168138955e-05,11925.5120008048
solana,HVNwzt7Pxfu76KHCMQPTLuTCLTm6WnQ1esLv4eizseSv,2024-11-08,2.26074126622241e-05,2.32046097869733e-05,2.13313636316969e-05,2.2021688936405e-05,17649.6946676004
solana,HVNwzt7Pxfu76KHCMQPTLuTCLTm6WnQ1esLv4eizseSv,2024-11-07,2.26846350556797e-05,2.35797416906301e-05,2.16444888980617e-05,2.26074126622241e-05,23995.478904678
solana,HVNwzt7Pxfu76KHCMQPTLuTCLTm6WnQ1esLv4eizseSv,2024-11-06,1.92475570395909e-05,2.29477830158809e-05,1.92475570395909e-05,2.26846350556797e-05,34242.3803026557
solana,HVNwzt7Pxfu76KHCMQPTLuTCLTm6WnQ1esLv4eizseSv,2024-11-05,1.78162565975333e-05,1.98319677904692e-05,1.78149979502501e-05,1.92475570395909e-05,12617.1100119575
solana,HVNwzt7Pxfu76KHCMQPTLuTCLTm6WnQ1esLv4eizseSv,2024-11-04,1.80419221030751e-05,1.82941724566734e-05,1.72026112195237e-05,1.78162565975333e-05,5724.89319026498
solana,HVNwzt7Pxfu76KHCMQPTLuTCLTm6WnQ1esLv4eizseSv,2024-11-03,1.89555775017754e-05,1.90763680034925e-05,1.71393805339622e-05,1.80419221030751e-05,7743.36679757235
solana,HVNwzt7Pxfu76KHCMQPTLuTCLTm6WnQ1esLv4eizseSv,2024-11-02,1.91807770484601e-05,1.95446450111993e-05,1.86915110926385e-05,1.89555775017754e-05,6255.12615485268
solana,HVNwzt7Pxfu76KHCMQPTLuTCLTm6WnQ1esLv4eizseSv,2024-11-01,2.02908505132494e-05,2.04097233350434e-05,1.88955979864888e-05,1.91807770484601e-05,13515.8110829534
solana,HVNwzt7Pxfu76KHCMQPTLuTCLTm6WnQ1esLv4eizseSv,2024-10-31,2.12106887045207e-05,2.12515036621901e-05,1.9984194530197e-05,2.02908505132494e-05,5947.0249985833
solana,HVNwzt7Pxfu76KHCMQPTLuTCLTm6WnQ1esLv4eizseSv,2024-10-30,2.18879385997178e-05,2.26015626937493e-05,2.10252538290831e-05,2.12106887045207e-05,15564.2180453768
solana,HVNwzt7Pxfu76KHCMQPTLuTCLTm6WnQ1esLv4eizseSv,2024-10-29,2.12279787084933e-05,2.27097750343058e-05,2.12217455928483e-05,2.18879385997178e-05,12716.0566812201
solana,HVNwzt7Pxfu76KHCMQPTLuTCLTm6WnQ1esLv4eizseSv,2024-10-28,2.12985196719811e-05,2.18033823398278e-05,2.00706258931585e-05,2.12279787084933e-05,12647.2443105494
solana,HVNwzt7Pxfu76KHCMQPTLuTCLTm6WnQ1esLv4eizseSv,2024-10-27,2.11819106311984e-05,2.16009384988557e-05,2.07476307093742e-05,2.12985196719811e-05,6469.40665546857
solana,HVNwzt7Pxfu76KHCMQPTLuTCLTm6WnQ1esLv4eizseSv,2024-10-26,2.05541469301688e-05,2.14741514243287e-05,1.9605801141753e-05,2.11819106311984e-05,14513.8490661487
solana,HVNwzt7Pxfu76KHCMQPTLuTCLTm6WnQ1esLv4eizseSv,2024-10-25,2.29529269508715e-05,2.50030622311827e-05,1.9929027048376e-05,2.05541469301688e-05,29687.3994420708
solana,HVNwzt7Pxfu76KHCMQPTLuTCLTm6WnQ1esLv4eizseSv,2024-10-24,2.18652629692271e-05,2.31009937993438e-05,2.17840548735373e-05,2.29529269508715e-05,7121.81427614818
solana,HVNwzt7Pxfu76KHCMQPTLuTCLTm6WnQ1esLv4eizseSv,2024-10-23,2.26590820045937e-05,2.28219622219943e-05,2.10831661860229e-05,2.18652629692271e-05,6452.52692538364
solana,HVNwzt7Pxfu76KHCMQPTLuTCLTm6WnQ1esLv4eizseSv,2024-10-22,2.34660570546845e-05,2.49607862703503e-05,2.2510758548806e-05,2.26590820045937e-05,14846.8275862703
solana,HVNwzt7Pxfu76KHCMQPTLuTCLTm6WnQ1esLv4eizseSv,2024-10-21,2.41735445252193e-05,2.50259202130736e-05,2.30063064408399e-05,2.34660570546845e-05,17052.2643067232
solana,HVNwzt7Pxfu76KHCMQPTLuTCLTm6WnQ1esLv4eizseSv,2024-10-20,2.34253909916335e-05,2.4339558012288e-05,2.28049838170279e-05,2.41735445252193e-05,7759.69895603364
solana,HVNwzt7Pxfu76KHCMQPTLuTCLTm6WnQ1esLv4eizseSv,2024-10-19,2.36904962797862e-05,2.46670677008617e-05,2.30761995634637e-05,2.34253909916335e-05,10103.7685676906
solana,HVNwzt7Pxfu76KHCMQPTLuTCLTm6WnQ1esLv4eizseSv,2024-10-18,2.23962410263611e-05,2.39954263500377e-05,2.23962410263611e-05,2.36904962797862e-05,9414.15638836525
solana,HVNwzt7Pxfu76KHCMQPTLuTCLTm6WnQ1esLv4eizseSv,2024-10-17,2.43369375831716e-05,2.49406684432923e-05,2.22260931751285e-05,2.23962410263611e-05,15938.7511896562
solana,HVNwzt7Pxfu76KHCMQPTLuTCLTm6WnQ1esLv4eizseSv,2024-10-16,2.24550572992844e-05,2.52600461409539e-05,2.18718776294123e-05,2.43369375831716e-05,32088.9681366613
solana,HVNwzt7Pxfu76KHCMQPTLuTCLTm6WnQ1esLv4eizseSv,2024-10-15,2.31378449463465e-05,2.38569596613931e-05,2.18659671409895e-05,2.24550572992844e-05,23985.9852329776
solana,HVNwzt7Pxfu76KHCMQPTLuTCLTm6WnQ1esLv4eizseSv,2024-10-14,2.10326673239369e-05,2.3398512596799e-05,2.06881833342717e-05,2.31378449463465e-05,13069.401802176
solana,HVNwzt7Pxfu76KHCMQPTLuTCLTm6WnQ1esLv4eizseSv,2024-10-13,2.17152675762258e-05,2.18637072461928e-05,2.06563420086738e-05,2.10326673239369e-05,13692.8663490089
solana,HVNwzt7Pxfu76KHCMQPTLuTCLTm6WnQ1esLv4eizseSv,2024-10-12,2.14503990710266e-05,2.23235299589286e-05,2.1369750112169e-05,2.17152675762258e-05,8264.88342032277
solana,HVNwzt7Pxfu76KHCMQPTLuTCLTm6WnQ1esLv4eizseSv,2024-10-11,2.02409935508951e-05,2.17233538400604e-05,2.01311695439506e-05,2.14503990710266e-05,8097.47378284893
solana,HVNwzt7Pxfu76KHCMQPTLuTCLTm6WnQ1esLv4eizseSv,2024-10-10,1.97906991101875e-05,2.02409935508951e-05,1.92269241381813e-05,2.02409935508951e-05,6556.82234844273
solana,HVNwzt7Pxfu76KHCMQPTLuTCLTm6WnQ1esLv4eizseSv,2024-10-09,2.07163309417281e-05,2.1790062041469e-05,1.53066608724382e-05,1.97906991101875e-05,37298.7283369763
solana,HVNwzt7Pxfu76KHCMQPTLuTCLTm6WnQ1esLv4eizseSv,2024-10-08,2.1260410683711e-05,2.15376046623118e-05,2.02160400902934e-05,2.07163309417281e-05,9401.53135999543
solana,HVNwzt7Pxfu76KHCMQPTLuTCLTm6WnQ1esLv4eizseSv,2024-10-07,2.1885655509604e-05,2.33735333982128e-05,2.1260410683711e-05,2.1260410683711e-05,19334.9149870451
solana,HVNwzt7Pxfu76KHCMQPTLuTCLTm6WnQ1esLv4eizseSv,2024-10-06,2.05057446951023e-05,2.20817165824473e-05,2.03433834795698e-05,2.1885655509604e-05,9823.33195991866
solana,HVNwzt7Pxfu76KHCMQPTLuTCLTm6WnQ1esLv4eizseSv,2024-10-05,2.13704505190655e-05,2.19551776831871e-05,2.03215243750866e-05,2.05057446951023e-05,9224.03325381378
solana,HVNwzt7Pxfu76KHCMQPTLuTCLTm6WnQ1esLv4eizseSv,2024-10-04,1.97840519966814e-05,2.21000855519878e-05,1.97188621022813e-05,2.13704505190655e-05,29989.5556035605
solana,HVNwzt7Pxfu76KHCMQPTLuTCLTm6WnQ1esLv4eizseSv,2024-10-03,2.19719086697695e-05,2.32348825321227e-05,1.91903045603783e-05,1.97840519966814e-05,39881.9064761107
solana,HVNwzt7Pxfu76KHCMQPTLuTCLTm6WnQ1esLv4eizseSv,2024-10-02,2.39460793384842e-05,2.56309188469948e-05,2.05234310958179e-05,2.19719086697695e-05,48951.1984996245
solana,HVNwzt7Pxfu76KHCMQPTLuTCLTm6WnQ1esLv4eizseSv,2024-10-01,2.38025248677432e-05,2.61741358639568e-05,2.17436468373643e-05,2.39460793384842e-05,59560.9343977462
solana,HVNwzt7Pxfu76KHCMQPTLuTCLTm6WnQ1esLv4eizseSv,2024-09-30,2.29132806679648e-05,2.54567945796648e-05,2.25568890826722e-05,2.38025248677432e-05,47979.9466646557
solana,HVNwzt7Pxfu76KHCMQPTLuTCLTm6WnQ1esLv4eizseSv,2024-09-29,2.40783578425274e-05,2.48217233285427e-05,2.26227786817551e-05,2.29132806679648e-05,16488.556461181
solana,HVNwzt7Pxfu76KHCMQPTLuTCLTm6WnQ1esLv4eizseSv,2024-09-28,2.30994241016963e-05,2.46280561067813e-05,2.18982295085371e-05,2.40783578425274e-05,27308.1529381068
solana,HVNwzt7Pxfu76KHCMQPTLuTCLTm6WnQ1esLv4eizseSv,2024-09-27,2.08640193532358e-05,2.4524332536767e-05,2.08640193532358e-05,2.30994241016963e-05,33379.8385724975
solana,HVNwzt7Pxfu76KHCMQPTLuTCLTm6WnQ1esLv4eizseSv,2024-09-26,1.84327060308147e-05,2.10565474780076e-05,1.81850048057901e-05,2.08640193532358e-05,17897.4543581456
solana,HVNwzt7Pxfu76KHCMQPTLuTCLTm6WnQ1esLv4eizseSv,2024-09-25,1.86070069350268e-05,1.95153558257488e-05,1.84296047890448e-05,1.84327060308147e-05,10349.598308352
solana,HVNwzt7Pxfu76KHCMQPTLuTCLTm6WnQ1esLv4eizseSv,2024-09-24,1.76511744006055e-05,1.87276514117023e-05,1.72221143877106e-05,1.86070069350268e-05,13175.8452874254
solana,HVNwzt7Pxfu76KHCMQPTLuTCLTm6WnQ1esLv4eizseSv,2024-09-23,1.70418983744499e-05,1.7776460816018e-05,1.68111548455345e-05,1.76511744006055e-05,2350.6676664621
solana,HVNwzt7Pxfu76KHCMQPTLuTCLTm6WnQ1esLv4eizseSv,2024-09-22,1.84519459057618e-05,1.84519459057618e-05,1.67200590890542e-05,1.70418983744499e-05,4032.6395818736
solana,HVNwzt7Pxfu76KHCMQPTLuTCLTm6WnQ1esLv4eizseSv,2024-09-21,1.81840444193827e-05,1.85066546803956e-05,1.77191812282792e-05,1.84519459057618e-05,7783.387549604
solana,HVNwzt7Pxfu76KHCMQPTLuTCLTm6WnQ1esLv4eizseSv,2024-09-20,1.75982404489905e-05,1.86927771446439e-05,1.73136160306128e-05,1.81840444193827e-05,9249.89302441207
solana,HVNwzt7Pxfu76KHCMQPTLuTCLTm6WnQ1esLv4eizseSv,2024-09-19,1.67729140230376e-05,1.8317036300383e-05,1.67729140230376e-05,1.75982404489905e-05,10331.516808486
solana,HVNwzt7Pxfu76KHCMQPTLuTCLTm6WnQ1esLv4eizseSv,2024-09-18,1.64998870476782e-05,1.67729140230376e-05,1.5780336517064e-05,1.67729140230376e-05,3137.96981985674
solana,HVNwzt7Pxfu76KHCMQPTLuTCLTm6WnQ1esLv4eizseSv,2024-09-17,1.61719691537276e-05,1.68551752029765e-05,1.59327314110091e-05,1.64998870476782e-05,2870.72642922114
solana,HVNwzt7Pxfu76KHCMQPTLuTCLTm6WnQ1esLv4eizseSv,2024-09-16,1.65135387291802e-05,1.67605554083954e-05,1.59960225733481e-05,1.61719691537276e-05,3652.04379237734
solana,HVNwzt7Pxfu76KHCMQPTLuTCLTm6WnQ1esLv4eizseSv,2024-09-15,1.71367713339993e-05,1.74327480409197e-05,1.63061395677869e-05,1.65135387291802e-05,4747.57310069341
solana,HVNwzt7Pxfu76KHCMQPTLuTCLTm6WnQ1esLv4eizseSv,2024-09-14,1.77052408640441e-05,1.77201209796836e-05,1.66940662094204e-05,1.71367713339993e-05,2347.52887125847
solana,HVNwzt7Pxfu76KHCMQPTLuTCLTm6WnQ1esLv4eizseSv,2024-09-13,1.71294787843117e-05,1.79349795498208e-05,1.67039883890846e-05,1.77052408640441e-05,16929.9768157148
solana,HVNwzt7Pxfu76KHCMQPTLuTCLTm6WnQ1esLv4eizseSv,2024-09-12,1.65821736942696e-05,1.73005798578852e-05,1.64968559440266e-05,1.71294787843117e-05,5983.55179312992
solana,HVNwzt7Pxfu76KHCMQPTLuTCLTm6WnQ1esLv4eizseSv,2024-09-11,1.72190040028052e-05,1.72775067649635e-05,1.6107861734328e-05,1.65821736942696e-05,5386.18751465404
solana,HVNwzt7Pxfu76KHCMQPTLuTCLTm6WnQ1esLv4eizseSv,2024-09-10,1.71687247547203e-05,1.77811973963387e-05,1.7079895083633e-05,1.72190040028052e-05,6532.97704599372
solana,HVNwzt7Pxfu76KHCMQPTLuTCLTm6WnQ1esLv4eizseSv,2024-09-09,1.64469528840225e-05,1.76401560451561e-05,1.62414644607768e-05,1.71687247547203e-05,5496.96484640721
solana,HVNwzt7Pxfu76KHCMQPTLuTCLTm6WnQ1esLv4eizseSv,2024-09-08,1.57238161793468e-05,1.66744096371956e-05,1.57238161793468e-05,1.64469528840225e-05,3780.88671721617
solana,HVNwzt7Pxfu76KHCMQPTLuTCLTm6WnQ1esLv4eizseSv,2024-09-07,1.58217099959068e-05,1.63007024480491e-05,1.57238161793468e-05,1.57238161793468e-05,3943.2394589687
solana,HVNwzt7Pxfu76KHCMQPTLuTCLTm6WnQ1esLv4eizseSv,2024-09-06,1.58196982690459e-05,1.66072748632972e-05,1.50872126304251e-05,1.58217099959068e-05,6553.13677295898
solana,HVNwzt7Pxfu76KHCMQPTLuTCLTm6WnQ1esLv4eizseSv,2024-09-05,1.6898464241266e-05,1.88735050520182e-05,1.58196982690459e-05,1.58196982690459e-05,10211.7836831117
solana,HVNwzt7Pxfu76KHCMQPTLuTCLTm6WnQ1esLv4eizseSv,2024-09-04,1.65432527057934e-05,1.73407576328624e-05,1.57498569520416e-05,1.6898464241266e-05,5183.05991142747
solana,HVNwzt7Pxfu76KHCMQPTLuTCLTm6WnQ1esLv4eizseSv,2024-09-03,1.68813143509279e-05,1.80728285837044e-05,1.65432527057934e-05,1.65432527057934e-05,9459.39440975057
solana,HVNwzt7Pxfu76KHCMQPTLuTCLTm6WnQ1esLv4eizseSv,2024-09-02,1.64758769033428e-05,1.75985799096915e-05,1.63297452813116e-05,1.68813143509279e-05,2963.96673077411
solana,HVNwzt7Pxfu76KHCMQPTLuTCLTm6WnQ1esLv4eizseSv,2024-09-01,1.72683577766096e-05,1.7371489283445e-05,1.62923420035051e-05,1.64758769033428e-05,4802.92197989074
solana,HVNwzt7Pxfu76KHCMQPTLuTCLTm6WnQ1esLv4eizseSv,2024-08-31,1.76657354621149e-05,1.79555038798696e-05,1.71381367345323e-05,1.72683577766096e-05,1510.21411530296
solana,HVNwzt7Pxfu76KHCMQPTLuTCLTm6WnQ1esLv4eizseSv,2024-08-30,1.80540252478114e-05,1.81508383662008e-05,1.68723662019425e-05,1.76657354621149e-05,4366.62739578297
solana,HVNwzt7Pxfu76KHCMQPTLuTCLTm6WnQ1esLv4eizseSv,2024-08-29,1.80753056982486e-05,1.8933537657572e-05,1.78439890009509e-05,1.80540252478114e-05,5263.25402129047
solana,HVNwzt7Pxfu76KHCMQPTLuTCLTm6WnQ1esLv4eizseSv,2024-08-28,1.833704734922e-05,1.88343783274832e-05,1.76611353225239e-05,1.80753056982486e-05,6201.59999919131
solana,HVNwzt7Pxfu76KHCMQPTLuTCLTm6WnQ1esLv4eizseSv,2024-08-27,1.9710406925955e-05,2.02547525774889e-05,1.80136920038909e-05,1.833704734922e-05,5762.94599210907
solana,HVNwzt7Pxfu76KHCMQPTLuTCLTm6WnQ1esLv4eizseSv,2024-08-26,2.10097659554027e-05,2.12703070093709e-05,1.96141803668205e-05,1.9710406925955e-05,8652.73415057894
solana,HVNwzt7Pxfu76KHCMQPTLuTCLTm6WnQ1esLv4eizseSv,2024-08-25,2.20110639728658e-05,2.20110639728658e-05,2.02466118143164e-05,2.10097659554027e-05,7876.01069386375
solana,HVNwzt7Pxfu76KHCMQPTLuTCLTm6WnQ1esLv4eizseSv,2024-08-24,2.07431537504149e-05,2.32596809656529e-05,2.04322114153182e-05,2.20110639728658e-05,17739.5302521011
solana,HVNwzt7Pxfu76KHCMQPTLuTCLTm6WnQ1esLv4eizseSv,2024-08-23,1.89850641428309e-05,2.10052654026642e-05,1.87592379920183e-05,2.07431537504149e-05,12178.9279116816
solana,HVNwzt7Pxfu76KHCMQPTLuTCLTm6WnQ1esLv4eizseSv,2024-08-22,1.84590106061311e-05,1.92119988225331e-05,1.81974743407381e-05,1.89850641428309e-05,6973.55033442878
solana,HVNwzt7Pxfu76KHCMQPTLuTCLTm6WnQ1esLv4eizseSv,2024-08-21,1.82796324199065e-05,1.87954284627479e-05,1.77062780324333e-05,1.84590106061311e-05,3718.77945840721
solana,HVNwzt7Pxfu76KHCMQPTLuTCLTm6WnQ1esLv4eizseSv,2024-08-20,1.78713318605277e-05,1.90974542352589e-05,1.76104353226603e-05,1.82796324199065e-05,10080.9463746612
solana,HVNwzt7Pxfu76KHCMQPTLuTCLTm6WnQ1esLv4eizseSv,2024-08-19,1.76620133001586e-05,1.78939557802029e-05,1.70447451240454e-05,1.78713318605277e-05,6409.2130232824
solana,HVNwzt7Pxfu76KHCMQPTLuTCLTm6WnQ1esLv4eizseSv,2024-08-18,1.78733324512231e-05,1.83238136591515e-05,1.76620133001586e-05,1.76620133001586e-05,2984.06005291264
solana,HVNwzt7Pxfu76KHCMQPTLuTCLTm6WnQ1esLv4eizseSv,2024-08-17,1.75627199507176e-05,1.80803904310532e-05,1.74626903187738e-05,1.78733324512231e-05,2733.15829223998
solana,HVNwzt7Pxfu76KHCMQPTLuTCLTm6WnQ1esLv4eizseSv,2024-08-16,1.85471613114485e-05,1.87529860394748e-05,1.70383549181246e-05,1.75627199507176e-05,4520.07071187592
solana,HVNwzt7Pxfu76KHCMQPTLuTCLTm6WnQ1esLv4eizseSv,2024-08-15,1.87460010778644e-05,1.9738042274134e-05,1.8067219060491e-05,1.85471613114485e-05,5039.32445994255
solana,HVNwzt7Pxfu76KHCMQPTLuTCLTm6WnQ1esLv4eizseSv,2024-08-14,1.97551906495877e-05,2.01538123946524e-05,1.87460010778644e-05,1.87460010778644e-05,6032.44893007039
solana,HVNwzt7Pxfu76KHCMQPTLuTCLTm6WnQ1esLv4eizseSv,2024-08-13,2.00910662250859e-05,2.01809691734083e-05,1.88223569335945e-05,1.97551906495877e-05,2780.52558835307
solana,HVNwzt7Pxfu76KHCMQPTLuTCLTm6WnQ1esLv4eizseSv,2024-08-12,1.88576654723794e-05,2.03931162675946e-05,1.88576654723794e-05,2.00910662250859e-05,5621.35388476983
solana,HVNwzt7Pxfu76KHCMQPTLuTCLTm6WnQ1esLv4eizseSv,2024-08-11,2.04750054530196e-05,2.11505729090302e-05,1.83340163743812e-05,1.88576654723794e-05,3760.40141650256
solana,HVNwzt7Pxfu76KHCMQPTLuTCLTm6WnQ1esLv4eizseSv,2024-08-10,2.07937677646413e-05,2.1111026261063e-05,2.02405886426705e-05,2.04750054530196e-05,2324.77364948996
solana,HVNwzt7Pxfu76KHCMQPTLuTCLTm6WnQ1esLv4eizseSv,2024-08-09,2.17143119485556e-05,2.17143119485556e-05,2.00032827474488e-05,2.07937677646413e-05,6604.05846381251
solana,HVNwzt7Pxfu76KHCMQPTLuTCLTm6WnQ1esLv4eizseSv,2024-08-08,1.90437980382363e-05,2.18079130809183e-05,1.85642553459264e-05,2.17143119485556e-05,15564.4966654681
solana,HVNwzt7Pxfu76KHCMQPTLuTCLTm6WnQ1esLv4eizseSv,2024-08-07,1.98009879446533e-05,2.17564733910794e-05,1.89649125708671e-05,1.90437980382363e-05,20531.8164443258
solana,HVNwzt7Pxfu76KHCMQPTLuTCLTm6WnQ1esLv4eizseSv,2024-08-06,1.79709980320462e-05,2.34955495109043e-05,1.79601186278955e-05,1.98009879446533e-05,64127.9548458933
solana,HVNwzt7Pxfu76KHCMQPTLuTCLTm6WnQ1esLv4eizseSv,2024-08-05,1.97553549479984e-05,2.01395878103632e-05,1.55441873625514e-05,1.79709980320462e-05,38722.3206616475
solana,HVNwzt7Pxfu76KHCMQPTLuTCLTm6WnQ1esLv4eizseSv,2024-08-04,2.10190181943706e-05,2.14424256497907e-05,1.86211112122004e-05,1.97553549479984e-05,11722.1596357657
solana,HVNwzt7Pxfu76KHCMQPTLuTCLTm6WnQ1esLv4eizseSv,2024-08-03,2.23643897268722e-05,2.27528234704046e-05,2.02315946158049e-05,2.10190181943706e-05,11168.6160348492
solana,HVNwzt7Pxfu76KHCMQPTLuTCLTm6WnQ1esLv4eizseSv,2024-08-02,2.50989729602324e-05,2.51760631084189e-05,2.21307160319836e-05,2.23643897268722e-05,17792.1826707419
solana,HVNwzt7Pxfu76KHCMQPTLuTCLTm6WnQ1esLv4eizseSv,2024-08-01,2.4579229987985e-05,2.51134471261412e-05,2.24562107682618e-05,2.50989729602324e-05,20924.3474789238
solana,HVNwzt7Pxfu76KHCMQPTLuTCLTm6WnQ1esLv4eizseSv,2024-07-31,2.59268098998178e-05,2.68243273467998e-05,2.44792625693382e-05,2.4579229987985e-05,13980.8386004991
solana,HVNwzt7Pxfu76KHCMQPTLuTCLTm6WnQ1esLv4eizseSv,2024-07-30,2.68732867627649e-05,2.79916011126997e-05,2.55767857202181e-05,2.59268098998178e-05,14764.3888361916
solana,HVNwzt7Pxfu76KHCMQPTLuTCLTm6WnQ1esLv4eizseSv,2024-07-29,2.80214285231902e-05,2.9378518567725e-05,2.68732867627649e-05,2.68732867627649e-05,14583.0620663553
solana,HVNwzt7Pxfu76KHCMQPTLuTCLTm6WnQ1esLv4eizseSv,2024-07-28,2.82586584624348e-05,2.95319529529884e-05,2.74490563025607e-05,2.80214285231902e-05,34625.7019377399
solana,HVNwzt7Pxfu76KHCMQPTLuTCLTm6WnQ1esLv4eizseSv,2024-07-27,2.86240261612525e-05,3.04699780460596e-05,2.74446147371644e-05,2.82586584624348e-05,13584.8741973185
solana,HVNwzt7Pxfu76KHCMQPTLuTCLTm6WnQ1esLv4eizseSv,2024-07-26,2.69907846815979e-05,2.88428612268615e-05,2.69048346965738e-05,2.86240261612525e-05,14124.9668381272
solana,HVNwzt7Pxfu76KHCMQPTLuTCLTm6WnQ1esLv4eizseSv,2024-07-25,2.74352156346634e-05,2.77370003500809e-05,2.55014446458075e-05,2.69907846815979e-05,17246.0763488479
solana,HVNwzt7Pxfu76KHCMQPTLuTCLTm6WnQ1esLv4eizseSv,2024-07-24,2.81587432036477e-05,2.96947152337978e-05,2.7117351630356e-05,2.74352156346634e-05,16263.971719428
solana,HVNwzt7Pxfu76KHCMQPTLuTCLTm6WnQ1esLv4eizseSv,2024-07-23,3.00440356146614e-05,3.01506727455741e-05,2.70731367538066e-05,2.81587432036477e-05,14954.1735306346
solana,HVNwzt7Pxfu76KHCMQPTLuTCLTm6WnQ1esLv4eizseSv,2024-07-22,3.24261629844494e-05,3.25878871903407e-05,2.96037660044284e-05,3.00440356146614e-05,22506.9342174346
solana,HVNwzt7Pxfu76KHCMQPTLuTCLTm6WnQ1esLv4eizseSv,2024-07-21,3.08576299511416e-05,3.37227384861927e-05,2.9318972686628e-05,3.24261629844494e-05,24114.1563891663
solana,HVNwzt7Pxfu76KHCMQPTLuTCLTm6WnQ1esLv4eizseSv,2024-07-20,3.14616958151043e-05,3.23356005917879e-05,2.9793917559764e-05,3.08576299511416e-05,21687.4011647408
solana,HVNwzt7Pxfu76KHCMQPTLuTCLTm6WnQ1esLv4eizseSv,2024-07-19,2.6977183033582e-05,3.22584046806545e-05,2.59426602073314e-05,3.14616958151043e-05,27605.8998822257
solana,HVNwzt7Pxfu76KHCMQPTLuTCLTm6WnQ1esLv4eizseSv,2024-07-18,2.66804489554821e-05,2.80416909247537e-05,2.5541450780756e-05,2.6977183033582e-05,15710.4484871864
solana,HVNwzt7Pxfu76KHCMQPTLuTCLTm6WnQ1esLv4eizseSv,2024-07-17,2.86354064176931e-05,2.94706566724147e-05,2.66804489554821e-05,2.66804489554821e-05,15651.7113624261
solana,HVNwzt7Pxfu76KHCMQPTLuTCLTm6WnQ1esLv4eizseSv,2024-07-16,2.68230994720687e-05,2.88252786629596e-05,2.54756981182645e-05,2.86354064176931e-05,32617.8611082966
solana,HVNwzt7Pxfu76KHCMQPTLuTCLTm6WnQ1esLv4eizseSv,2024-07-15,2.39937434582703e-05,2.69226428685128e-05,2.36734276608953e-05,2.68230994720687e-05,16754.2788731389
solana,HVNwzt7Pxfu76KHCMQPTLuTCLTm6WnQ1esLv4eizseSv,2024-07-14,2.27650890739932e-05,2.4279924108079e-05,2.27650890739932e-05,2.39937434582703e-05,10556.1898613607
solana,HVNwzt7Pxfu76KHCMQPTLuTCLTm6WnQ1esLv4eizseSv,2024-07-13,2.25046738595083e-05,2.31044300918741e-05,2.18763949104348e-05,2.27650890739932e-05,5543.1350012445
solana,HVNwzt7Pxfu76KHCMQPTLuTCLTm6WnQ1esLv4eizseSv,2024-07-12,2.35222154948946e-05,2.4880101451104e-05,2.20529795167591e-05,2.25046738595083e-05,27029.6594765002
solana,HVNwzt7Pxfu76KHCMQPTLuTCLTm6WnQ1esLv4eizseSv,2024-07-11,2.64618942972414e-05,2.75705393805495e-05,2.33372608209447e-05,2.35222154948946e-05,26944.3060627909
solana,HVNwzt7Pxfu76KHCMQPTLuTCLTm6WnQ1esLv4eizseSv,2024-07-10,2.58988176798277e-05,2.68491069464094e-05,2.53538575761154e-05,2.64618942972414e-05,19746.8969404119
solana,HVNwzt7Pxfu76KHCMQPTLuTCLTm6WnQ1esLv4eizseSv,2024-07-09,2.39941274872887e-05,2.67971658080625e-05,2.36361423962603e-05,2.58988176798277e-05,30287.1069454777
solana,HVNwzt7Pxfu76KHCMQPTLuTCLTm6WnQ1esLv4eizseSv,2024-07-08,2.10183152639781e-05,2.52775127340405e-05,1.99041731837967e-05,2.39941274872887e-05,43905.6938510464
solana,HVNwzt7Pxfu76KHCMQPTLuTCLTm6WnQ1esLv4eizseSv,2024-07-07,2.30697472307174e-05,2.32836371985556e-05,2.09085165325406e-05,2.10183152639781e-05,10881.9074344684
solana,HVNwzt7Pxfu76KHCMQPTLuTCLTm6WnQ1esLv4eizseSv,2024-07-06,2.18547169059e-05,2.37847742368408e-05,2.12146444926593e-05,2.30697472307174e-05,14155.0051161223
solana,HVNwzt7Pxfu76KHCMQPTLuTCLTm6WnQ1esLv4eizseSv,2024-07-05,2.0688943873231e-05,2.29220365023003e-05,1.82049602620961e-05,2.18547169059e-05,25288.3901782407
solana,HVNwzt7Pxfu76KHCMQPTLuTCLTm6WnQ1esLv4eizseSv,2024-07-04,2.23270426914359e-05,2.36487958765017e-05,2.05716032038679e-05,2.0688943873231e-05,36360.4482933318
solana,HVNwzt7Pxfu76KHCMQPTLuTCLTm6WnQ1esLv4eizseSv,2024-07-03,2.53872741232497e-05,2.56639342156376e-05,2.02258470711849e-05,2.23270426914359e-05,28611.314221277
solana,HVNwzt7Pxfu76KHCMQPTLuTCLTm6WnQ1esLv4eizseSv,2024-07-02,2.54911094979317e-05,2.71077915223263e-05,2.48462153658511e-05,2.53872741232497e-05,24623.9346119691
solana,HVNwzt7Pxfu76KHCMQPTLuTCLTm6WnQ1esLv4eizseSv,2024-07-01,2.26353291618074e-05,2.63852300281952e-05,2.17890718991879e-05,2.54911094979317e-05,64359.0173083393
solana,HVNwzt7Pxfu76KHCMQPTLuTCLTm6WnQ1esLv4eizseSv,2024-06-30,2.22485442182065e-05,2.3544469535237e-05,2.09282781389168e-05,2.26353291618074e-05,27037.8408989624
solana,HVNwzt7Pxfu76KHCMQPTLuTCLTm6WnQ1esLv4eizseSv,2024-06-29,2.25957614638318e-05,2.3218506432706e-05,2.14641374609225e-05,2.22485442182065e-05,11629.1319535699
solana,HVNwzt7Pxfu76KHCMQPTLuTCLTm6WnQ1esLv4eizseSv,2024-06-28,2.45898171782264e-05,2.48179679871949e-05,2.21930099442765e-05,2.25957614638318e-05,15411.5647269531
solana,HVNwzt7Pxfu76KHCMQPTLuTCLTm6WnQ1esLv4eizseSv,2024-06-27,2.18631533097434e-05,2.6494488462803e-05,2.14706522583985e-05,2.45898171782264e-05,38297.4944712223
solana,HVNwzt7Pxfu76KHCMQPTLuTCLTm6WnQ1esLv4eizseSv,2024-06-26,2.30959227678598e-05,2.39807129600018e-05,2.18631533097434e-05,2.18631533097434e-05,24142.1573710266
solana,HVNwzt7Pxfu76KHCMQPTLuTCLTm6WnQ1esLv4eizseSv,2024-06-25,2.17886460420091e-05,2.37813609955802e-05,2.16312276895528e-05,2.30959227678598e-05,13801.4659604416
solana,HVNwzt7Pxfu76KHCMQPTLuTCLTm6WnQ1esLv4eizseSv,2024-06-24,1.99053794603947e-05,2.19110185808641e-05,1.8483096032688e-05,2.17886460420091e-05,18375.9985746101
solana,HVNwzt7Pxfu76KHCMQPTLuTCLTm6WnQ1esLv4eizseSv,2024-06-23,2.07401723895347e-05,2.20343514128751e-05,1.9494535150452e-05,1.99053794603947e-05,17960.4124336153
solana,HVNwzt7Pxfu76KHCMQPTLuTCLTm6WnQ1esLv4eizseSv,2024-06-22,2.02827052652299e-05,2.20687613138763e-05,1.89046735815371e-05,2.07401723895347e-05,19657.5349281106
solana,HVNwzt7Pxfu76KHCMQPTLuTCLTm6WnQ1esLv4eizseSv,2024-06-21,2.1165954751185e-05,2.12821504909735e-05,1.9706665412296e-05,2.02827052652299e-05,10467.6204566413
solana,HVNwzt7Pxfu76KHCMQPTLuTCLTm6WnQ1esLv4eizseSv,2024-06-20,2.10412555905433e-05,2.27103900955323e-05,2.08640775502457e-05,2.1165954751185e-05,14404.461075099
solana,HVNwzt7Pxfu76KHCMQPTLuTCLTm6WnQ1esLv4eizseSv,2024-06-19,2.10181157639969e-05,2.27305047283604e-05,2.0433734939759e-05,2.10412555905433e-05,27414.4544537026
solana,HVNwzt7Pxfu76KHCMQPTLuTCLTm6WnQ1esLv4eizseSv,2024-06-18,2.29758223911418e-05,2.29758223911418e-05,1.99484306799615e-05,2.10181157639969e-05,23954.5576288829
solana,HVNwzt7Pxfu76KHCMQPTLuTCLTm6WnQ1esLv4eizseSv,2024-06-17,2.52122479670606e-05,2.55409570946119e-05,2.20191911737726e-05,2.29758223911418e-05,28878.0211544979
solana,HVNwzt7Pxfu76KHCMQPTLuTCLTm6WnQ1esLv4eizseSv,2024-06-16,2.45178816715169e-05,2.57154306031329e-05,2.37508284267624e-05,2.52122479670606e-05,16333.2001779007
solana,HVNwzt7Pxfu76KHCMQPTLuTCLTm6WnQ1esLv4eizseSv,2024-06-15,2.42588098046081e-05,2.54137184007895e-05,2.38421447882247e-05,2.45178816715169e-05,10442.9409011445
solana,HVNwzt7Pxfu76KHCMQPTLuTCLTm6WnQ1esLv4eizseSv,2024-06-14,2.55865590049002e-05,2.63403471784601e-05,2.32607768983584e-05,2.42588098046081e-05,32847.479709855
solana,HVNwzt7Pxfu76KHCMQPTLuTCLTm6WnQ1esLv4eizseSv,2024-06-13,2.88918412459398e-05,2.88918412459398e-05,2.51753634640611e-05,2.55865590049002e-05,20173.7575760832
solana,HVNwzt7Pxfu76KHCMQPTLuTCLTm6WnQ1esLv4eizseSv,2024-06-12,2.71547487121944e-05,3.0907589126577e-05,2.585434537601e-05,2.88918412459398e-05,35395.5820245636
solana,HVNwzt7Pxfu76KHCMQPTLuTCLTm6WnQ1esLv4eizseSv,2024-06-11,2.71238300621544e-05,2.82667711305218e-05,2.53714192353774e-05,2.71547487121944e-05,52378.4713986061
solana,HVNwzt7Pxfu76KHCMQPTLuTCLTm6WnQ1esLv4eizseSv,2024-06-10,2.85476012420254e-05,2.87200357756625e-05,2.68224533389216e-05,2.71238300621544e-05,16458.5100321493
solana,HVNwzt7Pxfu76KHCMQPTLuTCLTm6WnQ1esLv4eizseSv,2024-06-09,2.7412386434882e-05,2.91236551461903e-05,2.70544552824893e-05,2.85476012420254e-05,25970.5076302672
solana,HVNwzt7Pxfu76KHCMQPTLuTCLTm6WnQ1esLv4eizseSv,2024-06-08,2.88393283154276e-05,2.98188392778511e-05,2.6924223435383e-05,2.7412386434882e-05,23000.6931829383
solana,HVNwzt7Pxfu76KHCMQPTLuTCLTm6WnQ1esLv4eizseSv,2024-06-07,3.16062517306069e-05,3.25625205313011e-05,2.59591365855862e-05,2.88393283154276e-05,70579.318578837
solana,HVNwzt7Pxfu76KHCMQPTLuTCLTm6WnQ1esLv4eizseSv,2024-06-06,3.40101924457759e-05,0.000128058823529412,3.15786856855739e-05,3.16062517306069e-05,29702.4803119862
solana,HVNwzt7Pxfu76KHCMQPTLuTCLTm6WnQ1esLv4eizseSv,2024-06-05,3.298176e-05,6.12665094339623e-05,3.29377825399135e-05,3.40101924457759e-05,38533.6675261533
solana,HVNwzt7Pxfu76KHCMQPTLuTCLTm6WnQ1esLv4eizseSv,2024-06-04,3.20767976517621e-05,3.36942560209949e-05,3.15143263757064e-05,3.298176e-05,23770.0861359293
solana,HVNwzt7Pxfu76KHCMQPTLuTCLTm6WnQ1esLv4eizseSv,2024-06-03,3.16698543650191e-05,3.53141417889375e-05,3.09461506843937e-05,3.20767976517621e-05,56810.4587355499
solana,HVNwzt7Pxfu76KHCMQPTLuTCLTm6WnQ1esLv4eizseSv,2024-06-02,3.31118918487876e-05,3.36324479734727e-05,3.07127346963044e-05,3.16698543650191e-05,17045.3719229134
solana,HVNwzt7Pxfu76KHCMQPTLuTCLTm6WnQ1esLv4eizseSv,2024-06-01,3.43605098226748e-05,3.51392038499785e-05,3.25727941798494e-05,3.31118918487876e-05,16237.0400497146
solana,HVNwzt7Pxfu76KHCMQPTLuTCLTm6WnQ1esLv4eizseSv,2024-05-31,3.38872940918522e-05,3.63527190092013e-05,3.31297191094281e-05,3.43605098226748e-05,41846.2732061125
